name,byname,belonging,population,girls_population,mailaddress,twitter,homepage,"Youtube,インスタグラムなどのその他アカウント",campus,area,clubroom,festival,festival_doing,intercollegiate_group,intercollegiate_population,affiliated_schools,action_day,minimum_day,action,action_career,sponsor,need_tool,april,may,june,july,august,september,october,november,december,january,february,march,nomikai_frequency,nomikai_intensity,couple,handsome_beauty,honest,serious,past_questions,find_work,introduction
體育會ボクシング部,,体育会,20,4,keioboxing@hotmail.com,@keio_boxing,http://keioboxing.jp/,Instagram：keio_boxing,日吉,日吉蝮谷内ボクシング道場,日吉蝮谷内ボクシング道場,参加しなかった。,,,,,火〜金：17:45 土日：10:00,全参加,練習,関東大学ボクシングリーグ２部準優勝,,練習着、靴,新歓、横浜市民体育大会,リーグ戦,リーグ戦,リーグ戦、納会,夏合宿,,関学戦,全日本選手権大会,早慶戦、納会,試験off,春合宿,追いコン,半期に1回～月1回,普通,少なめ,普通,普通,プロ,まあ出回る,體育會のため縦の繋がりが強く、OBの方々にも協力していただけます。,とても仲が良く楽しい部活です。
慶應義塾理工学部體育會ラグビー部,リコタイラグビー KER,理工学部体育会,55,9,なし,@KERRUGBY,http://www.ker-rugby.org/,https://www.instagram.com/keio.e.rugby,矢上,矢上グラウンド,矢上グラウンドの前,参加しなかった。,,,,,水土日,予定に合わせて適宜欠席可,練習、他チームとの練習試合,理工系リーグ1部、学生クラブ選手権2部Aチーム,,,新歓 通常練習 練習試合 ラグビー祭,通常練習 練習試合,通常練習 練習試合 春季納会,off,秋シーズン開始 通常練習 練習試合,夏合宿@菅平 通常練習 練習試合,通常練習 クラブ選手権大会,通常練習 クラブ選手権大会 秋季納会,off,off,春シーズン開始 通常練習 練習試合,通常練習 練習試合 追いコン,半期に1回～月1回,普通,普通,普通,普通,アマチュア,出回ったのを見たことがある。,OGOB強いです！,部費は0円！ 日吉キャンパスから歩いていける矢上グラウンドでの活動です。グラウンド、部室、ウエイトルーム、シャワールーム完備です！同期はもちろん、先輩後輩ともに仲良く、学年を超えて遊びに行ったりもしています。勉強もスポーツもどちらも本気な人にはぴったりです！
慶應義塾体育会矢上部硬式庭球部,リコタイテニス部,理工学部体育会,29,8,なし,@rikotai_tennis,https://rikotaitenniskeio.wixsite.com/official-page,インスタグラム→keio_rikotaitennis,矢上,慶應大学矢上キャンパス内コート,慶應義塾大学矢上キャンパス,参加しなかった。,,,,,週3~5,週3,矢上キャンパス内コートでの練習、他大学との対抗戦、関東理工連盟主催大会への出場、JTA主催個人戦への出場など,関東理工科リーグ第1部(全13部中)準優勝,,ラケット、ウェア、テニスシューズ,新歓期間,部内戦,前期納会,テスト前オフ期間,夏合宿、理工科個人戦、夏季練習,夏季練習,理工科リーグ戦期間,理工科新人戦トーナメント,後期納会、冬季オフ,テスト前オフ期間,春季練習、二軍戦期間,春合宿、早慶戦、春季練習,半期に1回～月1回,飲まない,普通,普通,真面目,セミプロ,めちゃ強い,多数の有名企業就職のOBOGの方々との交流、活動を通して社会に出た時必要となるマナーを身につけられるなど,"慶應義塾体育会矢上部硬式庭球部(リコタイテニス部)です！
 私達は理工科リーグ1部優勝を目指して日々練習に取り組んでいます！
 私たちの部は普段の練習に加えて、矢上キャンパスにあるコートをほとんど毎日使用することができ、コートは日吉キャンパスから歩いて約5分の立地のため、空きコマや休みの日などいつでもテニスができ、さらにナイター設備も完備しているため、時間帯を問わず練習ができます！その他にも壁打ちコートやトレーニング室、ガット張り機、シャワー室など充実した設備の中テニスができるため、どのレベルの選手でもかなり上手くなることができます！また今年からプロ選手を指導する牟田口恵美さんをコーチとして迎え、さらに上のレベルを目指すことができるようになりました！
 また、勉強面に関しても理工学部のスケジュールに合わせた日程となっており、テスト前には必ず1ヶ月のオフ期間があるため、勉強面に関しても心配はありません！
 また、勘違いされがちなのですが、文系学部、SFC所属の人も入部でき、現に部員の約半数が、文系、SFCの学部生です！初心者の方も大歓迎なので、ぜひ一度矢上キャンパスのコート、新歓の食事会、説明会に来て雰囲気を確かめてみてください！
 テニスが大好きな人、競技テニスとしてのテニスでレベルアップしたい人などいろんな方々の入部お待ちしております！私達と一緒に充実した熱い大学生活を送りましょう！"
理工学部体育会アメフト部BISON,,理工学部体育会,35,4,なし,@keiobison,https://bisonhorn.wixsite.com/keiobison,インスタ:keio_bison,矢上,矢上グラウンド,矢上キャンパス,参加しなかった。,,,,,週2〜4,週2,アメフト,,,やる気,新歓イベント,早慶戦,オープン戦,オープン戦、夏休みイベント,夏合宿,リーグ戦,リーグ戦、温泉旅行,リーグ戦、どんぐり収穫祭,リーグ戦、クリパ,お年玉争奪戦,新体制スタート,練習,半期に1回～月1回,飲まない,普通,全員,かなり真面目,プロ,めちゃ強い,OB会が毎年開催されます,慶應義塾大学理工学部体育会アメリカンフットボール部BISONです。関東学生フットボールクラブ連盟KCFF1部に所属する、長き伝統をもつクラブです🔥矢上キャンパスで週4回練習を行っています！学部学年を問わずプレーヤー、マネージャー共に大募集！初心者大歓迎です！
学生団体GEIL,ガイル,非公認団体（学校に届けを出していない団体）,6,4,info@waavgeil.jp,＠waavgeil,https://waavgeil.jp/,@policymakingcontestgeil（Facebook）,東京大学駒場キャンパス,東京大学駒場キャンパス,上智大学、東京大学に部室があります。,参加していない,,東京大学、一橋大学、早稲田大学、上智大学の他、首都圏の様々な大学,50,,毎週金曜日,特になし,毎年夏に学生のための政策立案コンテストを開催しています。イベントに向けての準備を行います。企画運営をはじめ、渉外金の獲得、広報活動に至るまで全ての活動を学生のみで行っています。,毎年夏、全国の大学生、大学院生を対象とした政策立案コンテストを開催します。,多数。詳しくはこちら（https://waavgeil.jp/supporter/ )をご覧下さい。,,,PreGEIL1泊2日の政策立案体験合宿（新入生対象）、五月祭（東大）に出店,1日完結型のイベント、1泊2日の内部向け宿泊型イベント,,学生のための政策立案コンテスト,執行代交代、新体制発足,,,,,,春の政策立案イベント,半期に1回～月1回,控え目,いない,普通,真面目,セミプロ,出回ったのを見たことがある。,学生のみで、しかも大学1、2年生が中心となり本格的な政策立案イベントを開催する経験は、就職活動で自信をもってアピールすることができるでしょう。,「学生のための政策立案コンテスト」を開催している学生団体GEILです。構成員は主に大学1、2年生。学生だけで1からイベントを作り上げていきます。優秀な仲間やイベント参加者との出会いに刺激を受けながらGEILで過ごす濃密な一年半、あなたは何にチャレンジしますか？
さよならモラトリアム,さよならモラトリアム,未公認団体（学校に届けを出している団体）,9,9,sayomora.2020@gmail.com,@sayomora_keio,,インスタ:sayonaramoratorium,日吉,日吉キャンパス独立館、都内スタジオ,,参加した,メインステージにて公演を行いました。,,,,週3回(メンバーの履修状況に合わせて曜日を決定します),基本全参加(メンバーの予定に合わせて活動日を決定します),アイドルコピーダンスの全国大会「UNIDOL」への出場、各種学祭や外部イベントへの出演に向けて練習を行います。,"UNIDOL2016-17winter 全国第3位
 UNIDOL2017Fresh 優勝
 UNIDOL2018Fresh 第3位
 UNIDOL2019summer 全国準優勝
 その他:2018年2月 単独公演開催",,練習着、マイク、やる気,新歓、新メンバーオーディション,新メンバーお披露目、予選に向けての練習,UNIDOL summer 関東予選,SFC七夕祭、決勝戦に向けての練習,UNIDOL summer決勝戦,外部イベントや学祭の出演、それに向けての練習,UNIDOL Fresh大会、SFC秋祭などの学祭,三田祭、冬予選に向けての練習,UNIDOL winter 関東予選,決勝戦に向けての練習,UNIDOL winter 決勝戦,卒業コンサート,なし～年1回,飲まない,いない,多め,かなり真面目,プロ,出回ったのを見たことがある。,学生時代に本気で取り組む経験ができます。,慶應義塾大学アイドルコピーダンスサークル、さよならモラトリアムです！UNIDOLという大会で優勝することを目指して活動しています。主にハロプロやAKBなど沢山のアイドルをコピーしています！私たちと本気でステージを作りませんか？少しでも気になった方は気軽にご連絡ください！
お散歩サークルRAMBLER,RAMBLER,非公認団体（学校に届けを出していない団体）,17,2,keio.rambler2020@gmail.com,@keio_osampo,https://clubosanpo.exblog.jp/,【Instagram】https://www.instagram.com/rambler.osampo/,日吉,不特定,,参加した,二年前は屋台で焼き担々麵を販売していました。,相模女子大学、学習院女子大学(ただし、特定の大学と活動しているのではなく、大学は問わない感じです。),19,,月2,特になし,東京・神奈川近辺をお散歩,過去にはNHKスペシャルや日本経済新聞、朝日新聞、AERAに取材していただきました。,,特になし,新歓お散歩,新歓お散歩,総会、親睦会、お散歩,試験期間のため、活動は休み,ナイトウォーク、山手線すごろくゲーム(お散歩です),夏季合宿、お散歩,お散歩,お散歩、OBOG会、(年度によっては三田祭にも出店),総会、お散歩、東京メトロ謎解き散歩,試験期間のため、活動は休み,春季合宿、お散歩,お散歩、送別会、OBOG会,半期に1回～月1回,飲まない,いない,少な目,普通,遊び,出回ったのを見たことがある。,脚力が鍛えられるので、連日のOBOG巡りや企業説明会、面接など就職活動での徒歩移動が楽にできます。また、散歩中は延々と雑談をしているので、トーク力も磨けることでしょう。,"当サークルでは、東京や神奈川の名所を適当に歩きながら、雑談や食べ歩きを楽しめます。また、月２でインスタ映えする名所を回るので、Instagramの投稿のネタにも困りません。
 サークル内の仲も良く、アットホームな雰囲気で居心地も抜群ですし、色々な趣味嗜好(次元を問わずアイドルなど)や属性(キラキラ女子とか)をもった方がいるので、誰かしらは気が合うと思います。そして、代表と副代表(女子含む)が強制飲酒からあなたを全力で守ります。
 なかなかに安全・安心のサークルだと自負しておりますので、ご興味のある方は是非新歓散歩にいらしてくださいね。"
Kプレミアムオーケストラ,Kオケ,独立団体,120,70,k.premium.orchestra@gmail.com,@k_premium_orche,http://korche.minibird.jp/wordpress/,,日吉,日吉、新宿周辺,塾生会館320,参加しなかった。,,,,,毎週月・水,全参加,パート練習、全奏,年に2回の定期演奏会,,楽器(パートによって貸出あり)、譜面台,新歓オリエンテーション,新歓合宿,,,,夏合宿,,,,,冬合宿,,半期に1回～月1回,飲まない,普通,多め,普通,アマチュア,まあ出回る,OB、OGの先輩と話せる機会があります。,Kオケは年2回の定期演奏会に向け、日々練習に励んでいます。私たちの演奏会は、曲目選定から練習場や演奏会場の手配、チラシ・パンフレット等の注文、当日のスタッフまで団員が行うため、とてもやりがいがあります。また、サークル活動としての練習は週2日のため、それ以外の日は塾生会館で自主練習、勉強やバイトをはじめとした課外活動もでき、充実した大学生活が送れます。年間の行事の中でも夏と春に行われる約5日間の合宿では、練習はもちろん、肝試しや花火などのイベントもあり、普段話す機会の少ない先輩たちとも仲良くなれるチャンス！私たちと一緒に最高の思い出を作りませんか？少しでも興味を持っていただいた方は、部室、お茶会、説明会などに、ぜひお越しください！学部も様々で個性豊かな団員たちが皆さんをお待ちしています。入団時の実力を問わず、熱意ある奏者を全パートで大募集しています！ Twitterでも情報を発信しています！
ジャグリングサークルI-Wing,I-Wing,独立団体,15,2,i.wing.juggling@gmail.com,＠IWingJuggling,,,日吉,独立館2F,塾生会館319,参加した,メイン・ミニステージでのジャグリングパフォーマンス,,,,木曜を中心にいつでも,自由,ジャグリングの練習,全国大会優勝者・関東学生大会優勝者 など,,道具（貸し出しあり）,新歓,営業など,,,合宿,三田祭の準備,三田祭の練習,三田祭,三田祭の反省,,,追いコン,半期に1回～月1回,控え目,いない,普通,真面目,アマチュア,出回ったのを見たことがある。,,大学始めの初心者からセミプロレベルまで様々な人が所属してます。ジャグリングって難しいと思うかもしれませんが、やってる人も同じ人間なので練習次第でいくらでもすごいことができます。体験練習会などもやってるのでお気軽にお越しください！
手話サークルMiMi,MiMi,独立団体,47,26,keio.mimi2@gmail.com,‪@MiMi_Keio,https://mimix.yokochou.com/,,日吉,日吉キャンパス,塾生会館211号室,参加した,手話コーラス、手話劇など、手話を使った公演をおこないました。,,,,土,特になし,手話の勉強会、お茶会,,,,オリエンテーション、新歓コンパ,新歓合宿,前期総会、前期総会コンパ,,夏活、納涼コンパ、夏合宿,夏活,ろう者コンパ,三田祭,後期総会、後期総会コンパ、クリパ,,冬合宿,追いコン,活動後毎回,控え目,少なめ,多め,かなり真面目,同好会,まあ出回る,,"こんにちは！私たちは手話サークルMiMiです！MiMiは楽しく手話を学ぶサークルです！
 活動は主に毎週土曜日、日吉キャンパスにて、勉強会、お茶会を行っています。活動ではろう者さんや先輩とお話をする中で自然と手話が身につきます！コンパ、クリスマスパーティー、合宿など、イベントも盛りだくさん！手話を学ぶうちに、同期はもちろん、先輩とも仲良くなれます！メンバーのほとんどが大学から手話を始めており、先輩もしっかりサポートするので、初心者大歓迎です！
 また、活動は自由参加なので、バイトや兼サーで忙しい方も、ぜひ一度見学にお越しください！みんなで楽しく、手話を覚えてみませんか？"
フラサークル Pilialoha,,独立団体,76,76,hulateam.pilialoha@gmail.com,@Pilialoha4,,Instagram→ keio_pilialoha_hula YouTube→Pilialohaフラサークル,日吉,協生館･集会室･学生会館（3つとも日吉キャンパスです）,学生会館402,参加した,メインステージ・ミニステージ・演舞場ステージ,,,,火･木,強制ではないが火曜か木曜どちらかは来て欲しい,練習（１ヶ月に3回、外部講師によるレッスンあり）・ステージ出演,,,練習着（Tシャツ、スカート（貸出あり））、やる気,新歓オリエンテーション･新宿マルイ10周年イベント（2019年）,湘南フラガーデン･三井アウトレットパーク多摩南大沢アロハフェス（2019年）,早慶戦試合前企画（2019年）,七夕祭,夏合宿･ハワイアン三田会,特になし,矢上祭･連合三田会･三田祭PRイベント（2019年）,三田祭,クリスマスイベント（2019年）,特になし,春合宿･オリジナル公演,特になし,なし～年1回,飲まない,いない,全員,普通,セミプロ,全くない,先輩方がとても優しいので色々教えてくれます！,"慶應唯一の公認フラダンスサークルです🌺
 とても仲が良く、心が温まるサークルです☺️小さいイベントから大きいイベントまで、1年を通してたくさんのステージがあります！小さいイベントの参加は任意なので、兼サーもしやすいです🙆‍♀️同期でディズニーやクリスマスパーティーをしたり、ステージ以外でも楽しめて、このサークル1つでも十分すぎるほど充実した大学生活を送れます✨基本みんな初心者で、先輩方が1から丁寧に教えてくれるのでご安心を！大学でなにか新しいことに本気で取り組みたい方はぜひ🙌"
アーチェリー同好会,KAA,独立団体,94,56,kaajwufaa31415@gmail.com,@kaajwufaa,https://kaajwufaa1.com/home/,,日吉,新宿区スポーツセンター、港区スポーツセンター、中央区スポーツセンター,日吉食堂3階学生団体スペースN-38,参加しなかった。,,,,日本女子大学フィールドアーチェリー同好会,木曜日、日曜日,特になし,基本的には新宿区スポーツセンターで30メートルの距離から的を撃ちます。新歓期は新入生に慣れてもらうために、10メートルから始めます。先輩に教わりながらのびのびとアーチェリーを楽しむことが出来ます。,春・秋の五大戦にて個人での入賞あり,,弓具一式（新歓期は貸出あり）、楽しむ心,新歓オリエン、試射会,新歓合宿、試射会,春季五大戦、前期納射会,特になし、テスト頑張れ！,花火大会、前期打ち上げ、夏合宿,BBQ,秋季五大戦,総会、インドア戦,後期納射会、後期打ち上げ,新年会,追いコン、春合宿、スキー旅行,球技大会,半期に1回～月1回,普通,普通,全員,普通,同好会,出回ったのを見たことがある。,執筆者自身まだ就職したことないのでわかりませんが、アーチェリーをやるうえで鍛えられるその集中力、精神力というものは就職活動をしていく中でも大いに役立つでしょう。就活では業界研究、OBOG訪問、ES作成、面接などなど、これらの作業を何十社とやっていくことが求められるわけです。いってしまえば同じようなことの繰り返しです。その点、アーチェリーにも通ずる点はあるでしょう。矢をつがえ、弓を引き、狙いを定め、慎重に矢を放ち、回収しに行く。この作業を延々と繰り返します。するとそのうち、一つのことを気を緩めることなく長きにわたって続けられる精神的なタフさというものが身に付きます。これこそ、ほかの就活生にはない、アーチャー独自の強みと言えるのではないでしょうか。,既にアーチェリー同好会に興味を持ってくれている人、あるいは他のサークルに入ろうと決めている人、はたまたサークル選びに迷っているそこのあなた。我々はそんな全ての新入生に対して門戸を開いています。ところで、アーチェリー同好会というと、皆さんはどのようなイメージを持っているでしょうか。パッとしない、何やってるのかよくわかんない、難しそう、といったところでしょうか。何を隠そう、私自身も入サー前はそう思っていました。しかし興味本位で新歓期の試射会に行って以降、そのイメージは一変しました。毎回の練習では上級生が弓のことだけでなく、大学生活のアレコレも教えてくれたり、飲み会や合宿はレクリエーションが豊富で賑やかで、練習以外にもほぼ毎月イベントもあって楽しいじゃないか！と。そんな私は今では部長となり新入生を招き入れる立場となっています。人生何があるかわからないもんです。ですので皆さん、ぜひ一度新歓期に練習に足を運んでみてください、あなたの人生が変わるかもしれませんよ。
慶應義塾大学医学部【アフリカ医療研究会】,アフリカ医療研究会,その他公認団体,24,16,keio.med.africa@gmail.com,なし,http://keiomed-africa.jimdo.com/,facebook “アフリカ医療研究会”,信濃町,信濃町キャンパス 孝養舎,信濃町キャンパス 第二校舎,参加しなかった。,,,,SFC 長谷部研究会,週1,基本的に全参加,夏の渡航に向けてのミーティング,"2012-2017 コンゴ民主共和国Acadex小学校にて健康教育、健康診断活動
 2019 ザンビア共和国にて健康教育、健康診断活動、TICAD7ポスター発表",花王、テルモ,親御さんの許可(渡航する場合),週1ミーティング,週1ミーティング,週1ミーティング、渡航準備,週1ミーティング、渡航準備,アフリカ渡航、渡航の反省、学会発表準備,月数回のミーティング、渡航の反省、学会発表準備,月数回のミーティング、学会発表,月数回のミーティング、信濃町キャンパスでの報告会、学会発表,月数回のミーティング,月数回のミーティング,月数回のミーティング、引き継ぎ,追いコン,半期に1回～月1回,控え目,少なめ,普通,真面目,セミプロ,出回ったのを見たことがある。,国際問題へ関心を向け、真面目に向き合うこと、そして、アフリカ渡航という貴重な経験はきっと後の人生の役に立つはずです！,本会はアフリカの医療に興味のある、医学部、薬学部、看護学部の3学部が合同行なっている学生団体です。
猫サークル ひよねこ,ひよねこ,未公認団体（学校に届けを出している団体）,20,10,hiyoneko.keio@gmail.com,@hiyoneko22,http://www.hiyoneko.com/,,日吉,日吉キャンパス内,なし,参加していない,なし,,,大学ねこ連盟 U-Cats所属大学,月曜日、木曜日,特になし,地域猫活動（猫の餌やり）、猫カフェ訪問,地域猫活動はボランティアです。,,なし,新歓食事会 オリエンテーション,第一回総会、新歓合宿,特になし,特になし,特になし,夏合宿,矢上祭,特になし,特になし,特になし,納会,特になし,なし～年1回,飲まない,いない,普通,普通,同好会,出回ったのを見たことがある。,履歴書には書けるかもしれない,"ひよねこは、慶應唯一の地域猫サークルです！
 地域猫活動について学ぶ活動をしています。猫カフェ訪問なども随時行っており、ネコが好きなメンバーが集って楽しく活動しています。
 ネコの活動以外にも、食事会や旅行など、楽しいイベントを計画しています！"
"アトラクション同好会""AURORA""",AURORA、アト同,未公認団体（学校に届けを出している団体）,30,10,enjoyaurora2017@gmail.com,@enjoyaurora2017,,,矢上,遊園地、日吉キャンパスの教室、三田キャンパスの教室,,参加した,屋台でタピオカ&チュロスを販売,帝京平成大学、成城大学、東京大学、法政大学,,,不定期、月1程度,特になし,遊園地入園。食事会。大学でのミーティング。,"昨年は都内や横浜の遊園地の他に、夏合宿では三重県の長島スパーランドへ行きました。
 富士急ハイランドやディズニーランドへも行きます。",,少しのお金,新歓オリエンテーション、食事会,遊園地活動,遊園地活動、食事会,,遊園地活動、食事会,夏合宿,遊園地活動,三田祭,遊園地活動、忘年会,,遊園地活動,遊園地活動、来年度に向けての準備,半期に1回～月1回,控え目,いない,普通,真面目,同好会,出回ったのを見たことがある。,,こんにちは！アトラクション同好会、AURORAです。遊園地でアトラクションを楽しむことを目的とし、週末や長期休みを利用して遊園地に行きます。行き先はメンバーで相談して決め、近場から遠方まで様々な遊園地に行きます。最近だと富士急ハイランド、ディズニーランド、よみうりランドなどにみんなで行きました。絶叫系のアトラクションに乗るイメージがあるかもしれませんが、様々な種類のアトラクションに乗るので、絶叫系が得意な方も、苦手な方も、大歓迎です！また、定期的に食事会などのイベントも行っています。まだ発足2年半の新しいサークルですので、一緒にサークルを作り上げたいという方も大歓迎です！少しでも興味があれば、ご連絡ください。お待ちしております！
日本舞踊研究会 宝,日舞研 宝,未公認団体（学校に届けを出している団体）,28,20,keio_nichibu@yahoo.co.jp,@keio_nihonbuyou,,Instagram: keio_nichibu,"日吉, 三田",日吉キャンパス第四校舎、三田いきいきプラザ,,参加した,メインステージ、ミニステージにて日本舞踊を披露しました。,,,,水曜日・土曜日,特になし,ベテランの先生による日本舞踊のお稽古、学生同士での日本舞踊の練習、様々なイベントによる留学生も含めた部員同士の交流,,,浴衣（浴衣の着付け練習会、購入会も行います）、扇子など舞踊に用いる小道具を必要に応じて,新歓オリエンテーション,,留学生送別会,,,（主に留学生を対象とした）新歓活動,,三田祭,クリスマスパーティー,,,合宿,半期に1回～月1回,飲まない,いない,多め,真面目,同好会,全くない,,"慶應義塾大学唯一の日本舞踊サークルです！2017年に設立し、一昨年から三田祭に参加、日本人だけでなく留学生と共にお江戸日本橋や元禄花見踊などを披露し、唯一無二の国際交流と伝統芸能のステージをお届けしています！
 設立以来、10カ国以上の留学生と一緒に活動しておりますので、色々な国の方と友達になりたい、という方にもぴったりのサークルです！
 さて、日舞というと敷居の高いイメージがありますが、当サークルは破格の値段で日舞が習えます！また、明るく、柔らかく、上品な雰囲気があり、気軽に日舞を始められます！ほぼ部員全員が大学から始めた初心者です！
 稽古は週2回、参加頻度は柔軟に調整できるので、兼サー歓迎です！慶早戦観戦や浅草散策、クッキング会、合宿、スイーツ会などイベントが活発に開かれ、部員間の交流は多いです！男女問わず入部大歓迎です！体験会や新歓ブースに是非足をお運びください！
 体験会では、ベテランの藤間毬宝先生に着付けや踊りを教えていただくことができます！質問などお気軽にどうぞ！インスタやTwitterで活動の様子などご紹介しておりますので、そちらもぜひご覧ください！"
特撮映像研究会,特撮研,未公認団体（学校に届けを出している団体）,6,1,century316kasa@gmail.com,なし,,なし,三田,教室など,なし,参加していない,なし,,,,月2回,月に1回以上は参加,動画撮影,,,,新歓,動画撮影(1),動画撮影(1),,夏合宿,動画撮影(2),動画撮影(2),三田祭出展,年末総会,,動画撮影(3),動画撮影(3),半期に1回～月1回,普通,普通,多め,うぇーい,遊び,まあ出回る,,特撮映像研究会は慶應義塾大学の学生による未公認サークルです。主な活動は特撮映像の撮影制作や映画の鑑賞会などです。活動頻度は時期にもよりますが、月1から2回です。設立してからあまり日が経っていないため、部員は少ないですが、各々が活発に活動しています。活動の詳細はメールアドレスまでご連絡いただければ何でもお応えします。興味のある方、ぜひ一度ご連絡ください！
ケルト音楽愛好会,k-celt,独立団体,17,5,keiocelt@gmail.com,@keiocelt,,,日吉,塾生会館322、J436A、J436B,塾生会館322,参加した,アイリッシュカフェを出店し、アイルランド伝統音楽の生演奏や飲食の提供を行った,,,,毎週火・金,特になし,セッションで良く出る曲覚え、曲のシェア、楽器の練習、セッション,,,楽器（最初は先輩が貸してくれます）,新歓オリエンテーション,五月祭（東大の学祭）に演奏参加,日吉駅近くのアイリッシュパブO'Brien'sでライブ,特になし,合宿（昨年度は河口湖へ）,特になし,日吉駅近くのアイリッシュパブO'Brien'sでライブ,三田祭にアイリッシュカフェ出店、生演奏,矢上キャンパスでウィンターコンサート,特になし,追いコン,新歓準備,半期に1回～月1回,普通,少なめ,普通,普通,同好会,出回ったのを見たことがある。,,"アイルランド伝統音楽を中心にケルト音楽を練習します。ファンタジー系のゲームの曲や映画のサウンドトラック等でも耳にすることが多く、意外にも日本人には馴染み深い音楽です。無印良品の店内BGMにもなってますね(笑)
 活動では、アイリッシュバーなどで行われるセッションに混ざれるように、楽器を演奏出来るようにしたり曲を覚えたりします。アイルランドの民族楽器にはティンホイッスルという1000円台から買える安い楽器があるので、みんな最初はそれから始めます。後に自分で興味が出てきた他の楽器（バンジョー、イーリアンパイプス、アコーディオン、コンサ―ティーナなど）を買ったり借りたりして演奏できるようにしていきます。インカレサークルではないものの、他の大学のケルト音楽サークルと仲が良く、頻繁に交流したり練習会に遊びにいったりします。"
折禅,折禅,未公認団体（学校に届けを出している団体）,44,23,orizen.keio@gmail.com,@keio_origami,,https://m.facebook.com/orizen,日吉,第4校舎A棟,なし,参加した,折り紙作品の展示/観に来てくれた子供達に折り方を教える,,,なし,週2回,特になし,普段の活動は週２日、みんなマイペースに、自由に作品を折っています。自由参加なので兼サーも可能です。,,なし,特になし,新歓/総会,,,,ボランティア活動,矢上祭準備,矢上祭,三田祭準備/三田祭,,,,,半期に1回～月1回,普通,少なめ,普通,真面目,同好会,出回ったのを見たことがある。,,"はじめまして！慶應唯一の折り紙サークル、折禅です。今や日本を代表する芸術である“折り紙”に触れてみませんか？
 普段の活動は週２日、みんなマイペースに、自由に作品を折っています。自由参加なので兼サーも可能です。例年、矢上祭・三田祭に出展したり、小学生に折り紙を教えるボランティアへ参加したりしています。留学生も多く、国際交流もできます。
 メンバーのほとんどが大学から始めた人たちです。経験者、未経験者問わず、折り紙に少しでも興味がある方は、ぜひお越しください！！"
日本模擬国連日吉研究会,ひよけん,未公認団体（学校に届けを出している団体）,21,5,jmun.hiyoshi@gmail.com,@hiyo_ken (新歓アカウント→@hiyoken2020),https://www.jmunhiyoshi.com/,Facebook 日本模擬国連日吉研究会(ひよけん) Instagram @hiyoshi_mun,日吉,33番教室,,参加していない,参加していません,,,,週1、毎週金曜日,特になし。自由に参加してもらっています。,"模擬国連の会議の色んな側面で参考になるようなコンテンツを実施し、勉強会をしています。それだけでなく、夏合宿や前期・後期打ち上げなど多くの楽しめる企画も行っています！
 毎週Twitterなどに活動内容をアップしているのでぜひご覧ください！",,,興味,新歓企画(観光企画)、春の1日会議,新歓会議、通常活動,通常活動、前期会議に向けた準備,前期会議、前期打ち上げ,夏合宿、関西大会などの複数の会議(希望者のみ),秋会議、通常活動,通常活動、後期会議に向けた準備,後期会議,通常活動、引き継ぎ、後期打ち上げ、全日本大会(希望者のみ),通常活動,通常活動,強化会議、通常活動、追いコン,週1回,飲まない,普通,普通,真面目,セミプロ,まあ出回る,,"模擬国連の会議とは、自身が一国の大使になりきり、様々な国際会議を模倣しつつ実践的に体験するものです。そうした会議を作り、参加することを通して私達は会議経験を積んでいます。私達は、模擬国連を通して得られるものはとても大きく貴重なものだと思っています。国際問題や世界情勢、歴史、世界中の国や地域などについての知識はもちろん、読解力や交渉力、発言力、思考力など模擬国連のプロセスで学べるものは多岐に渡ります。また、国連文書の読み取りや英語を用いる会議への参加を通して英語力を鍛えるチャンスもあります。これらの力は模擬国連だけでなく、日々の学業や生活の中でも役立てることができます。
 また、それだけでなくひよけんでは多数の企画を実施しています！前期・後期打ち上げや夏合宿などの大きなイベントの他にも色々な企画が盛んです。企画ではみんなで盛り上がってがっつり遊んでいます！
 日吉研究会は多様性とメリハリを意識していて、「いつも来れる人もそうでない人も」「会議が好きな人もひよけんのコミュニティが好きな人も」どんな人でも私達は歓迎します！！会議をする時は真剣に取り組み、遊ぶ時はしっかり遊んで、メリハリのついた濃密な時間を私達と一緒に過ごしましょう！"
體育會ボクシング部,,体育会,20,4,keioboxing@hotmail.com,@keio_boxing,http://keioboxing.jp/,Instagram：keio_boxing,日吉,日吉蝮谷内ボクシング道場,日吉蝮谷内ボクシング道場,参加しなかった。,,,,,火〜金：17:45 土日：10:00,全参加,練習,関東大学ボクシングリーグ２部準優勝,,練習着、靴,新歓、横浜市民体育大会,リーグ戦,リーグ戦,リーグ戦、納会,夏合宿,,関学戦,全日本選手権大会,早慶戦、納会,試験off,春合宿,追いコン,半期に1回～月1回,普通,少なめ,普通,普通,プロ,まあ出回る,體育會のため縦の繋がりが強く、OBの方々にも協力していただけます。,とても仲が良く楽しい部活です。
ホワイトベアアイスホッケークラブ,ベア、ホワイトベア,体育会所属団体,35,7,whitebearkeio@gmail.com,@keiowhitebear,https://keiowhitebear1933.wixsite.com/keiowhitebear,https://instagram.com/keiowhitebear?r=nametag,特に指定なし,シチズンプラザ(高田馬場)、ダイドードリンコアイスアリーナ(東伏見)、,,参加しなかった。,,,,,週2-3、水曜と土日のどちらか,全参加,リーグ戦・早慶戦の優勝に向けた、アイスホッケーの練習,,,スケート靴、防具等(貸出あり),新歓ホッケー会、新人戦,決起会,春季リーグ予選、部員総会,春季リーグトーナメント戦、早慶戦,オフ,夏合宿,秋季リーグ予選,秋季リーグ予選,秋季リーグトーナメント戦,早慶戦(4年生引退試合),オフ,春合宿、納会、追いコン,なし～年1回,普通,少なめ,全員,真面目,アマチュア,まあ出回る,体育会所属である。OBや先輩後輩同士との縦の繋がりが強い。誰でも主体性を持てるのでアピールポイントに繋がる。,"私たちは週２〜３回の練習に加え、年２回の合宿を行い、リーグ戦や早慶戦での優勝を目指しています。現部員の７割がアイスホッケー未経験者です。初めは滑ることすらままならなかった人も、１年後には氷上で活躍することができます。経験者は即戦力となれる環境です！経験者も未経験者も、どのレベルの人にも、手厚いサポートと充実した日々をお約束します。マネージャーも募集中です！学年、男女を問わず、目標に向かって共に熱くなれる仲間をお待ちしています。
 深夜練だからこそ、練習外の時間の使い方は自由です。スポーツ、勉強、娯楽、全てを楽しみたい方は、ぜひ気軽に説明会や練習見学にお越しください。最後の学生生活を、充実したものにしましょう！"
體育會重量挙部,,体育会,36,3,agebu.manager@gmail.com,@keioWL2019,https://keiowl.wixsite.com/agebu/contact,https://www.instagram.com/keio_weightlifting/,日吉,協生館地下二階→記念館,協生館地下二階→記念館,参加しなかった。,,,,,平日3~4回+土曜日,平日3~4回+土曜日,インカレ入賞・一部リーグ昇格・早慶戦の勝利を目標として、日々練習に励んでいます。,第65回(2019年度)全日本大学対抗ウェイトリフティング選手権大会 5位入賞,,ウエイトリフティングシューズ(貸出有り),,横浜市民体育大会ウェイトリフティング選手権,東日本大学対抗ウエイトリフティング選手権大会、国体予選,,夏合宿,東日本学生ウエイトリフティング個人選手権大会,慶早戦,全日本大学対抗ウェイトリフティング選手権大会,全日本学生ウェイトリフティング新人選手権大会、神奈川選手権大会,,,総会・卒業生送別会、六大学記録会,なし～年1回,普通,いない,普通,かなり真面目,アマチュア,まあ出回る,OBやコーチが真摯に就活の相談に乗ってくださります。,"重量挙部は大学から競技を始めた部員が大半であり、未経験者が大会に出場し活躍できる数少ない體育會です。練習日は平日3~4回（選択制）と土曜の全体練習であり、インカレ入賞・一部リーグ昇格・早慶戦の勝利を目標として、日々練習に励んでいます。昨年度のインカレでは5位入賞という好成績を収めました！平日練習は選択制のため、勉強やアルバイトと両立しながら部活に打ち込むことができます。
 選手をサポートするマネージャーも募集中です。動画撮影・記録管理・大会運営が主な仕事です、「目標達成に向けて共に頑張っていきたい！」という方をお待ちしています！
 また、女子選手も大募集しています！我が部の女子選手は大学から競技を始め、インカレで入賞するなど大活躍しています！
 重量挙げは努力次第で全員に活躍のチャンスがあります。競技歴・学年・男女問わず、目標に向かって共に戦う仲間を待っています！ぜひ一度説明会、体験会にお越しください！"
慶應義塾体育会相撲部,慶應相撲部,体育会,5,0,info@keio-sumo.jp,@keiosumo3,http://www.keio-sumo.jp/,,三田,三田綱町道場,,参加しなかった。,,,,塾高・志木高,週4（火・木・土・日）,原則全参加（授業と被った場合授業優先可）,大会に向けた稽古,東日本学生相撲選手権大会Aクラス8位、東日本学生相撲リーグ戦Bクラス優勝 など,,稽古体験の際は短パンと必要であればタオル（貸出可）をお持ちください。,新歓,東日本学生相撲新人選手権大会,東日本学生相撲選手権大会,東日本学生相撲個人体重別選手権大会,夏合宿,全国学生相撲個人体重別選手権大会,東日本学生相撲リーグ戦,全国学生相撲選手権大会（インカレ）,,,,卒業生追い出し稽古,週1回,普通,いない,普通,真面目,セミプロ,出回ったのを見たことがある。,,"我々相撲部は週4日、三田にある綱町道場で稽古をしています。稽古は約2時間ほどでメリハリある稽古をするので、大学生活で体育会以外にも何かに取り組む時間を確保しやすい部活です。
 また、部員の中には大学で相撲を始めた初心者もおり、相撲未経験でも心配無用です！
 さらに、相撲は体が大きい人がやるというイメージがあるかもしれませんが、学生相撲には体重別の大会もあり小柄でも活躍できる場があるため体格も不問です！
 部員同士の仲も良く、大学生活で4年間打ち込める何かを探している方にとって最適な部活です！
 見学からでも構いませんので興味のある方は是非ぜひ一度ご連絡ください！"
慶應義塾體育會合氣道部,,体育会,23,6,aikido.keio@gmail.com,@keioaiki,https://www.keio-aikido.com,,日吉,慶應義塾體育會合氣道部蝮谷道場,同上,参加した,演武会を行いました,,,早稲田大学、東京大学、明治大学、東京工業大学、日本大学など,週6,基本的には全参加,合氣道の稽古,全日本大会 個人1.2.3.4位入賞 団体の部1位,,道着だけ(しかも貸出あり)!,お花見、新歓オリエンテーション,新入生歓迎会、部内新人戦,前期納会,試験前オフ,夜行軍、夏季合宿,全日本大会,慶早戦,三田祭演武,後期納会、早慶明合同稽古、忘年会,年度納会、試験前オフ,春合宿,AII keio 、20大学合同稽古、テニス大会,半期に1回～月1回,控え目,少なめ,普通,かなり真面目,プロ,出回ったのを見たことがある。,部OB・OGを訪問して話を聞くことができる,合氣道というのは、相手を導く武道です。うまく導くためには、技が正確であるだけでなく相手の心を把握する必要があります。私達と一緒に心と体を鍛える武道をやってみませんか？
慶應義塾體育會バドミントン部,,体育会,19,6,なし,@keio_bad,https://keiobad.com/,インスタグラム @keio_badminton,日吉,日吉キャンパス記念館.蝮谷体育館.会堂,日吉キャンパス記念館横,参加しなかった。,,,,,週6回(月or火オフ),授業等が無ければ基本的に全参加,体育館での練習、外でのトレーニング等,関東学生リーグ男子4部女子3部所属、個人インカレ出場有り,,ラケット、ウェア、シューズ、他適宜活動に必要なもの,春季リーグ戦,春季リーグ戦,関東学生バドミントン選手権大会,合宿,東日本大会,東日本大会、秋季リーグ戦,インカレ、早慶戦,,,,,新人戦、合宿,半期に1回～月1回,控え目,少なめ,全員,かなり真面目,プロ,出回ったのを見たことがある。,OB•OGの方とのつながりが強い,バドミントン強くなりたい方、大歓迎です！初心者も歓迎です！
體育會所属準體育會アメリカンフットボール部ダックス,慶應ダックス,体育会,50,10,なし,@2020_ducks,https://keioducks.wixsite.com/keioducks,Instagram: @keioducks YouTube: KEIO DUCKS,特に指定なし,新横浜、川崎、下高井戸等の人工芝グラウンド、多摩川グラウンド,食堂棟3階に占有スペースあり,参加しなかった。,,,,早稲田大学、明治大学、東洋大学、日本大学等,週3〜4,基本全参加（応相談）,春期: 他チームとの合同練習、対外試合 秋期: リーグ戦、関東選手権,,,アメフト用防具、やる気,新歓、練習試合,早慶戦、練習試合,1年生週間、JVメージ,社会人リーグとのオールスターゲーム、シーズンオフ、夏納会,シーズンイン、夏合宿,リーグ戦開幕,リーグ戦,リーグ戦,リーグ戦、関東選手権,シーズンオフ、冬納会、退部式,シーズンイン、春合宿,合同練習、対外試合,半期に1回～月1回,普通,普通,多め,真面目,セミプロ,めちゃ強い,アメフトというスポーツの特質上、根気よく体力もあると見られる。また、56年続く歴史あるクラブのため、OBも様々な業界で活躍している。先輩方の華々しい就職先を是非聞きに来てください！,我々ダックスは、アメフトにおいては體育會、それ以外はサークルという姿勢で日々練習に励みつつ楽しむところは楽しんでいます。準體育會という性質上、體育會と比べられがちですが、練習日数が3〜4日のため、アルバイトや資格勉強など自分のやりたいことに時間を費やすことができます。また留学を許容していることも大きな特徴です！スポーツに本気で取り組みながらも、大学生活を充実させたい！という人は是非ダックスへ！
Head Quarter Simulation Game Club,HQ,独立団体,25,0,なし,@keioHQ,,,日吉,塾生会館309号室,塾生会館309号室,参加した,ボードゲームの体験会を開きました,,,,平日はほぼ毎日,なし,ボードゲームであそんでいます。,ゲームマーケットに出展しました,,,,,,,,,,,,,,,半期に1回～月1回,控え目,いない,いない,普通,遊び,出回ったのを見たことがある。,,"部員同士で集まってボードゲームで遊ぶことを基本的な活動内容としています。
 最近では自分たちで作ったボードゲームを販売したりもしていますので興味ある方はぜひ来てみてください。"
モダンジャズソサエティー,日吉ジャズ研,文化団体連盟,30,4,なし,@keiomodernjazz,,,日吉,日吉キャンパス塾生会館地下1階音楽練習室4,223,参加した,ジャズの生演奏,,,,週1、木曜,なし,ジャムセッション,,,インプロヴィゼーション、少しのデタラメと冒険心,,新入生ライブ,,,停車場の甲子園,合宿、定期演奏会,,三田祭出演,,,,春合宿、定期演奏会,半期に1回～月1回,控え目,少なめ,全員,かなり真面目,プロ,出回ったのを見たことがある。,むしろ留年します,現役部員の中には、定期的にお店でライブ活動をしている人もいます。先輩たちでプロとして活躍なさっている方が多くいます。留年している方も多く、そのような人に限って演奏はうまいです。オリジナルの演奏も盛んで、積極的に作曲した曲を売り込んで演奏することも可能です。ビッグバンドと違い上下関係は皆無に等しく、実力勝負の世界です。生意気でも上手ければ何も言われません。ビッグバンドと違い、先輩とのコネや他大学との繋がりも自分で行動しない限りは増えません。しかし自分の行動と実力で地域や世代を超えて人と繋がれます。
アカペラサークルWALKMEN,WALKMEN(ウォークメン),独立団体,183,93,walkmen.keio@gmail.com,@Keio_walkmen,,YouTubeチャンネル:慶應義塾大学アカペラサークルWALKMEN,日吉,32番教室、33番教室,,参加した,メインステージ・ミニステージでのアカペラ演奏、1日通しての教室でのアカペラ演奏、東京タワー企画への参加、模擬店でのチュロス販売,,,,毎週木曜日,特になし,年二回開催するサークルライブに向けた全体曲の練習,大規模アカペライベント50Fesの全体曲部門で二回連続優勝,,歌を好きな気持ちと自分の身ひとつ,新歓オリエンテーション,新入生発表会,スタバン,全体曲練習,夏合宿,秋サークルライブ,スタバン,三田祭,全体曲練習,全体曲練習,冬合宿,春サークルライブ,半期に1回～月1回,普通,普通,普通,真面目,アマチュア,出回ったのを見たことがある。,,WALKMENは公認アカペラサークルです。アカペラは全ての音を人の声によって作り上げる音楽です。歌が好きな気持ちさえあれば誰でもできるのが魅力です！もちろん初心者大歓迎！私たちと一緒に自分の声の力で音楽を作ってみませんか？歌が大好きな新入生諸君の加入を私たちWALKMEN員一同楽しみにしています😊
楽曲制作会KMM,KMM,文化団体連盟,34,4,kmmmail@gmail.com,@kmm_dtm,,音楽配信サイト soundcloud https://soundcloud.com/user-536058587,日吉,日吉キャンパス第4校舎A棟,,参加した,屋台でポテト販売,,,,週一回 土曜日,特になし,定期会合(交流、楽曲制作の情報共有)、サークル内コンピレーションアルバムの制作,,,PC,新歓オリエンテーション,,,,夏コミ(CD販売),夏合宿(3泊4日),秋M3(CD販売),三田祭,冬コミ(CD販売),,春合宿(3泊4日),春M3(CD販売),半期に1回～月1回,飲まない,いない,普通,真面目,アマチュア,全くない,,KMMはPCを使って音楽を作る「DTM」のサークルです。毎週末の会合ではそれぞれが曲制作を進めたりアドバイスし合ったり音で遊んだりしています。それぞれ好きなジャンルが違い、DTM歴などもばらばらなので教わることはとても多いです！ 自分の作品やサークルメンバーとの合作をアルバムとして即売会などに出すことができ、外へ向けての活動も活発なサークルです。
学生団体S.A.L.,SAL、サル,その他公認団体,120,60,なし,@sal_keio,https://www.salkeio.com/,Instagram sal_keio,"日吉, SFC",日吉、新宿や秋葉原などのフリースペース、SFC、三田,,参加しなかった。,,,,,隔週日吉にて全体会議、そのほか週1で日吉とSFCそれぞれキャンパス会議、その他プロジェクトごとの活動あり,基本的に全参加(プロジェクトによる),スタディーツアー、フリーマガジン制作、ドキュメンタリー撮影、ワークショップの開催など,長期休みのたびにスタディーツアーを実施、SFFや学生団体総選挙にて多数の賞を受賞、年に複数のイベント開催(写真展、自作のドキュメンタリー放映など),多々あり(具体的な名前は控えさせていただきます),PCは基本的に必須,新歓活動、新歓BBQ,新歓合宿、新歓ピクニック,,,スタディーツアー,スタディーツアー,,,引退式,,スタディーツアー,追いコン、スタディーツアー,半期に1回～月1回,普通,普通,多め,真面目,セミプロ,まあ出回る,幅広い経験、知識、スキルを身につけられます。就活で使えることは多いです。,"学生団体 S.A.L. は国際問題の知識を深め、啓発することを活動内容として 2008年に発足した、慶應義塾大学に本部を置く学生団体です。
 ​
 S.A.L. という名前には、
 Send out( 国際問題を伝える )
 Aid( 助けを求めている人を救う )
 Learn( 世界の現実を知る、学ぶ )
 という 3 つの意味が込められています。
 ​
 私たちはこの3つをコンセプトに、スタディー・ツアーを企画し、長期休暇を利用して海外へ赴きます。そこで、国際問題の現実と向き合い、メンバー全員が自分たちに出来ることは何かを考えながら 、国内でイベントやフリーマガジン、ドキュメンタリー、商品プロデュース、web デザインなどの具体的なプロジェクトを行っています。この「伝える」という活動によって、Aid（救う）につながる、と我々は考えています。
 人は往往にして、知りもしないことを決めつけてしまったり、物事を知っていると思い込んでしまいます。それが、国際問題の本当の「問題」ではないでしょうか。この国はこうである、あの国の人々はこんな人々である、今の世の中はこうである。人々がそのように決めつけたり、思い込んでいる限り、国際問題の理解は進みません。助けが必要とされる状況に変化も起きません。そこで、我々は「伝える」ということが非常に重要な役割を果たすと考えているのです。
 国際問題に関心のない人や少し興味がある人に、国際問題を知ってもらう「きっかけ」づくりを重視し、S.A.L. は活動を行っています。"
ウインドアンサンブル,ウインド KWE,文化団体連盟,85,50,w1ndwebadm1n@gmail.com,@K_W_E_,http://keiowind.com/,なし,日吉,日吉塾生会館,201,参加しなかった。,,,,なし,木、日の合奏に加えパートごとに2日練習 計4日,様々な事情は考慮されるができるだけ練習には参加してほしい。,塾生会館での定期演奏会へ向けた練習,年に2回の定期演奏会、過去にはドラマ音源の録音や委嘱作品の初演も行った,なし,パートによっては自持ち楽器を求める場合あり,新歓合宿,ピクニック,春の定期演奏会,オフ期間,夏合宿、パート旅行、学年旅行,初見大会,冬の定期演奏会に向けた練習,4年が主催のイベント,冬の定期演奏会,オフ期間,追い出しコンサート スキー合宿,春合宿,2週間に1回,普通,普通,普通,真面目,アマチュア,まあ出回る,全学部のサークルなので多様な情報が得られる,"慶應義塾大学文化連盟公認団体である当楽団は、6 月・12 月に行う定期演奏会、春・夏休みに行う合宿を中心に活動しています。 
 その他にも、自由参加のイベントとして、ウインド音楽祭、スキー旅行、各学年 やパートごとの旅行、早慶戦観戦などを行っています。"
環境サークル E.C.O.,環境サークル E.C.O.,文化団体連盟,5,0,なし,Keioeco,,,三田,不特定,三田キャンパス,参加した,落とし物バザー,,,,年数回,なし,三田祭における、学生部から引き受けた落とし物の販売,なし,,,,,,,,,,落とし物バザー,,,,,なし～年1回,普通,いない,いない,かなり真面目,同好会,まあ出回る,昔は巨大サークルでしたので、OB会では有名企業の方とお話ができます。,年数回、大学と連携した環境活動を行うサークルです。連合三田会ではごみ分別指導、三田祭では落とし物のバザーを行います。現在の部員は5人。映画好き、鉄道好き、アニメ好きなど、絶賛オタクばっかのサークルになってしまっています。
慶應スパイラルスケートクラブ アイスホッケー部門,スパイラル,独立団体,15,5,なし,@KEIOSPIRAL,,@keiospiral.icehockey,特に指定なし,明治神宮外苑アイススケート場,,参加しなかった。,,,,,原則毎週水曜日、試合の日程によって多少変わります。,全参加,アイスホッケー,,,防具,新入生歓迎会,,,,,夏合宿、リーグ戦開始,,,,,,追いコン,半期に1回～月1回,普通,普通,少な目,真面目,同好会,出回ったのを見たことがある。,競技人口が比較的少ないスポーツであるため、珍しさもあって話盛り上がれるかも！,スパイラルは楽しくアイスホッケーをするサークルです！経験者・初心者問いません！学年も問いません！人数が少ないからこそすぐに馴染めて、試合にもたくさん出場できます。たくさんの方をお待ちしております:)
ガールズ＆パンツァー同好会,慶應ガルパン同好会、ガルパン同好会,未公認団体（学生団体組織届提出済み）,5,0,keio_garupan@yahoo.co.jp,@keio_garupan,,,日吉,日吉の空き教室、茨城県東茨城郡大洗町,,参加しなかった。,,,,,不定期,特になし,上映会、大洗旅行、コミケの話し合いなど,いす-1GP 2019茨城大洗大会27位,,,新歓,コミケ,,,,大洗旅行（ダージリン生誕祭）,,大洗旅行（商工感謝祭、あんこう祭）,コミケ,,,大洗旅行（海楽フェスタ）,なし～年1回,飲まない,いない,いない,かなり真面目,同好会,全くない,,"日本で唯一のガールズ＆パンツァー同好会が、なんと慶應にあります。
 当団体が組織されたのは2019年6月で、まだ日も浅いですが、大洗旅行を中心として精力的に活動しています。
 部員人数が少ない分、みんな仲が良いです。
 友達と行く聖地・大洗はとっても楽しいですよ。
 ガルパンは好きだけど大洗にはまだ行ったことない人、僕たちと一緒に大洗へ遊びに行きませんか？
 「ガルパンは劇場版しか見てない」って人や、「ガルパンは好きだけどそこまでガチってるわけでもない」って人でも大歓迎です！
 上映会も行っているので、入ってからでも更にハマれるチャンスはたくさんあります。
 サークルの性質上オタクや陰キャも大歓迎！
 気になることがある方は、メールやTwitterのDMで遠慮なく質問してください。"
慶應義塾大学お笑い道場o-keis,オーケイズ,その他公認団体,63,22,keiokeis@gmail.com,@o_keis,https://o-keis.net,,日吉,日吉教室,日吉キャンパス塾生会館324,参加した,お笑いライブ(3日間、全9公演),,,,週1回(月曜日),特になし,週1回のミーティングでのネタ見せ、各種お笑いライブ出演、学生お笑いの大会出場、企業からの依頼による公演、合宿(年2回),大学芸会2019優勝、学生M-1グランプリ2019優勝など,,,新歓合宿,新入生によるデビューライブ,ユニットバトル,七夕祭出演,大学芸会(個人戦),夏合宿,矢上祭出演,三田祭出演,紅白大喜利合戦,,NOROSHI(団体戦),春合宿、卒業ライブ,週1回,飲まない,少なめ,多め,かなり真面目,セミプロ,まあ出回る,人前で堂々と話せる能力がつきます。,みんな面白いし、みんなこのサークルを愛しています。
ライチウス会,ライチ,文化団体連盟,79,48,なし(TwitterのDMで連絡),@keio_raittius17,http://raittius.com/,なし,日吉,人による,211号室,参加した,屋台で焼きそばを販売し、第一校舎では室内喫茶を運営しました。また、東京育成園の子供たちを数人招待して三田祭を楽しんでもらいました。,,,,週1,週1,週に一度、障がい者施設、児童養護施設等の各施設に通い、勉強会を行なっています。この基本的な活動の他にも、福祉作業所でのお手伝い、児童養護施設の子ども達との触れ合い(各イベントへの参加)、障がいをもった方の外出の介助など、様々なボランティア活動を行っています。,今年で90周年を迎えます。,,,9日&15日：食事会 22日：新歓パーティー 下旬以降：各施設の見学会 下旬：至誠学園ガーデンパーティー,4月下旬〜5月上旬：施設見学会,第一回総会,,サマーキャンプ、あさひワークキャンプ、夏合宿,友愛園合同運動会,第二回総会,三田祭,勉強会、第三回総会,,冬合宿,追いコン,半期に1回～月1回,控え目,少なめ,普通,真面目,セミプロ,まあ出回る,OBOGの方がたくさんいらっしゃるので、お話しできる機会も多く、就職に関するアドバイスをいただけることもあります。,私たちライチウス会は、創部90年を誇る伝統あるボランティアサークルです。様々なボランティア活動を経験することができ、このような経験を通じて、大学の授業では得られない見聞を広めるこ とができると思います。また、アットホームな雰囲気で、先輩方はとても優しく、飲み会でお酒を強要されるようなこともありませんし、学年の壁を越えてカラオケや食事に行くこともよくあり、部員同士の交流も盛んです。ライチウス会の活動が、自分自身の勉強になることはもちろん、これらの活動を通してたくさんの友達、先輩ができるので一石二鳥です!! ぜひ気軽に入部してくださいね♪
津軽三味線集団 弦音巴,弦音巴/おとは,独立団体,41,29,otoha.keio@gmail.com,@keio_otoha,https://otohakeio.wixsite.com/keiootoha,YouTube: bit.ly/2X80oih / Instagram: bit.ly/2BWjD6i,日吉,日吉キャンパス/綱島地区センター,301号室@日吉キャンパス塾生会館,参加した,メインステージ・ミニステージ・演舞場での演奏,,,,週2日(火曜・木曜),特になし,演奏依頼・大会に向けての練習,"第37回津軽三味線世界大会 団体戦A準優勝
 第3回津軽三味線全国大会 in倉敷 独奏曲部門準優勝
 第48回滋賀県芸術祭参加・災害復興支援事業 第6回全国大会 独奏曲部門準優勝
 
 大会の他にも依頼を頂き、月に複数回、外部で演奏しています。",,津軽三味線(レンタル制度あり),新歓演奏,津軽三味線世界大会@弘前 /新歓BBQ,慶早戦演奏or観戦,七夕祭@SFC,夏合宿/内輪演奏会,単独公演,秋祭@SFC,三田祭,忘年会/クリスマスプレゼント交換,新年会・大会練,津軽三味線コンクール@大阪,追いコン・スキー合宿,半期に1回～月1回,控え目,多め,普通,普通,アマチュア,出回ったのを見たことがある。,津軽三味線が珍しい楽器なこともあり、話のつかみにつかえます。面接官の方の興味を引きやすいです👀,"大学で新しいこと、はじめませんか？
 津軽三味線集団 弦音巴（おとは）は、2015年に設立された公認団体です。全国大会・世界大会の合奏部門で準優勝を果たした、実力派サークルです！
 現在総勢41名のメンバーで、ロックな現代曲から伝統的な民謡まで幅広く練習し、三田祭などの学園祭を始め、演奏依頼を頂いて様々な施設やイベント（ホテル、ディズニー、高齢者施設等）で演奏活動をしています。演奏以外にも、夏合宿や慶早戦観戦など年中イベントが多く、サークルならではのアットホームな雰囲気があります。
 実は、ほぼ全員のメンバーが大学から津軽三味線を始めています。初心者の方でも、音楽経験がなくても、全く問題ありません！
 慶應に入学した際には、ぜひ一度見学にお越しください。"
フットサル倶楽部エルレイナ,慶應エルレイナ,独立団体,30,2,keioelreina@gmail.com,@keioelreina,,,日吉,横浜市内の体育館、目黒区内の体育館、港北小学校,,参加しなかった。,,,,,月曜日19:00~21:00 水曜日 9:00~12:00（抽選次第） 木曜日19:00~21:00 金曜日 19:00~21:00（抽選次第） 土曜日・日曜日どちらか試合。,基本全参加ですが融通は効きます！欠席の場合連絡してください！,関東大学フットサルリーグにサークル団体として唯一参戦している競技志向フットサルチームです！,2019年度神奈川県大学フットサルリーグ優勝,,,新歓練習、新入生歓迎焼肉,全日本大学フットサル大会神奈川県予選,,全日本大学フットサル大会関東予選、関東大学フットサルリーグ開幕,全日本大学フットサル大会本選,,,,,,関東大学フットサルリーグ閉幕,,半期に1回～月1回,普通,いない,普通,かなり真面目,アマチュア,まあ出回る,,慶應義塾大学唯一の競技志向フットサルチームです！他大学の体育会チームを相手に勝利するため日々活動しています。体育会に比べ活動頻度は少なく、出席も融通が効くため兼サーや資格試験との両立も可能です！
慶應サイクル部,KCC,文化団体連盟,137,30,keiocyclingclub.kcc@gmail.com,@OpenKcc,,インスタグラム keio_ cycling_club,日吉,塾生会館210教室、日本各地,塾生会館210教室,参加しなかった。,,,,東京大学や早稲田大学とは合同でランを行ったりすることもあります。,日曜日,特になし、自由参加です。,日曜日に関東近郊へ観光を兼ねてランへ行ったりレースに出たりしています。平日は部室で和気藹々と仲良くやっています。長期休みや三田祭期間には合宿を組み全国各地へ行きます。,今年で119年目です,オーストリッチ様には部品を安く提供していただくなど協力していただいています。,自転車(新歓期は貸し出し用の自転車を用意しています),新歓ラン,新歓合宿、新歓ラン,各種ラン、早慶ランなど,各種ラン,夏合宿、各種ラン,各種ラン、耐久ランなど,各種ラン、ロッジランなど,三田合宿、各種ラン、もてぎエンデューロなど,納会、各種ラン,各種ラン、日の出ランなど,各種ラン,春合宿、各種ラン,半期に1回～月1回,普通,普通,普通,普通,遊び,めちゃ強い,ないです,"こんにちは！
 慶應サイクル部(KCC)です😄
 部とついていますが体育会ではなく公認サークルです
 自転車🚴‍♂️に乗りながら観光🏖に行ったりレース🏁に出たりするサークルです
 日曜日にみんなで自転車🚴‍♂️に乗り平日は部室でワイワイやっています〜
 長期休みや三田祭期間には合宿を組み全国へ行きます！
 少しでも気になる方は新歓期に毎週行なっている新歓ラン🚴‍♂️に参加して、自転車の魅力を肌で感じでくれると嬉しいです😄"
律法会,律法,文化団体連盟,450,225,なし,@rippou5556,,Instagram @rippou5556,"日吉, 三田",J14教室,306号室,参加しなかった。,,,,早稲田大学,平日毎日 休日不定期,特になし,例会･ゼミでの勉強･交流,"第68回末川杯争奪法律討論会 優勝
 同討論会質問の部 第2位",,,オリエンテーション はじコン 例会･ゼミ開始,GW企画 慶早戦 前期総会,裁判所見学 早稲田大学交流会,例会打ち上げ,試験打ち上げ,夏合宿,役職選挙 後期総会,秋合宿 秋例会･ゼミ開始,クリスマスパーティー 忘年会,,試験打ち上げ 追いコン 春企画,春企画,半期に1回～月1回,普通,少なめ,全員,普通,遊び,めちゃ強い,"２月に座談会というイベントがあり、内定が決まった先輩方にお話をうかがうことができます。
 また、規模の大きいサークルですのでOBの方もたくさんいらっしゃり、お会いする機会もあります。","こんにちは！律法会です！
 我々のアピールポイントは二つあります。
 一つ目は、会員の多さです。
 律法会は比較的入サー費も安く、参加ペースも自由なので多数の会員がおり、交友関係をかなり広げることができるのではないかと思います。
 
 二つ目は活動にメリハリがあることです。
 律法会の活動は勉強系のものと遊び系のものに分かれていますが、どの会員も勉強するときは真剣に取り組み、遊ぶときは全力で楽しんでいます。"
慶應SF研究会,SF研,文化団体連盟,7,1,なし,@keio_sf,,,日吉,部室,塾生会館321号室,参加した,部誌販売,,,,週1,特になし,読書会等,,,,,,,,,,,,,,,,半期に1回～月1回,飲まない,いない,少な目,普通,アマチュア,出回ったのを見たことがある。,,SFについて研究するサークルです。
津軽三味線集団 弦音巴,おとは,独立団体,42,29,otoha.keio@gmail.com,@keio_otoha,https://otohakeio.wixsite.com/keiootoha,YouTube 津軽三味線集団弦音巴 インスタ@keio_otoha_tokyo,日吉,日吉キャンパス４号館の教室,301,参加した,メインステージ出演,,,,毎週火曜木曜,自由,三味線の練習、演奏依頼や大会の合わせ,第37回津軽三味線世界大会団体戦A準優勝,,津軽三味線(レンタル有り)、モチベ、バイブス,新歓,世界大会,慶早戦観戦,七夕祭出演,夏合宿、花火,単独公演,通常練習,三田祭メインステージ出演,クリスマスパーティー,通常練習,大会練習.USJ,大会練習,半期に1回～月1回,控え目,普通,普通,真面目,アマチュア,出回ったのを見たことがある。,,"こんにちは！津軽三味線集団弦音巴(おとは)です！！
 
 津軽三味線って地味だと思っていませんか？
 いえいえ、鋭く重い、深みと迫力のある音を奏でるカッコいい楽器です‼️ 
 民謡は勿論、ロックな現代曲も弾けますよ👍
 
 大学で新しいことをやりたい人、人とは違った趣味を持ちたい人に是非おすすめします！
 
 新歓Twitter→@keio_otoha2020"
英字新聞学会 三田キャムパス,ミタキャム,独立団体,44,22,mitacam.m@gmail.com,@MitaCampus,http://mitacampus.com/,Twitter新歓→@MitaCampus2020 Instagram→https://www.instagram.com/mitacampus/?hl=ja,日吉,日吉キャンパス4号館、部室,塾生会館322号室,参加しなかった。,,,,,週1,特にないですが、なるべく参加していただきたいです。,記事作成、取材、ディスカッション,,,活動へのやる気,新歓,総会 、イベント,合宿,,タブロイド紙発行,,秋新歓,三田祭,納会,,冬合宿,タブロイド紙発行、追いコン,2週間に1回,普通,少なめ,全員,普通,プロ,めちゃ強い,活動自体を自分の強みにできます。また社会で実際に活躍しているOBGとのつながりが強く、お話を伺う機会が多くあります。,1946年に設立された塾内唯一の英字新聞サークルです。「日本の学生の視点から世界に向けて意見、情報を発信する」というコンセプトのもと、学内だけに留まらず、自らの関心に基づき 学外にも目を向けた記事を作成しています。なかなか行く機会のないような機関や施設にも、ミタキャムパスだからこそ取材することができるのが魅力です。また、ディスカッションでは社会のさまざまな事柄についての理解を深め、記事にすることで自分の意見のアウトプットをしっかりすることができます。記事は公式HPや、年2回発行しているタブロイド紙からお読みいただけます。まずは見学からでも大歓迎！皆さんの入部をお待ちしています。
慶應義塾大学ボウリングクラブ,ボウリングクラブ,その他公認団体,22,0,なし,@keio_bowling,,,特に指定なし,東京ポートボウル,,参加しなかった。,,,,,毎週土曜日,特になし,学年問わず混じり合い、教え合いながら練習,"全日本新人ボウリング選手権大会優勝
 令和1年度秋季関東リーグ3位入賞",,ボウリングを楽しめる心！,春季リーグ,総会、春季リーグ,春季リーグ,早慶戦,合宿、関東学生選手権,秋季リーグ、新人リーグ,秋季リーグ,全日本大学選手権、早慶戦、秋季リーグ、関東学生個人選手権、関東学生新人リーグ,納会,,全日本大学個人選手権、関東学連オープン,関東学生個人選抜選手権,週1回,控え目,いない,普通,真面目,プロ,まあ出回る,OBに資生堂関連会社の会長がいたりする。,関東から全国までの大学の人々と仲良くなれる上、OBとのつながりが強く社会勉強にもなります！OBさん曰く就職のお手伝いがたくさんできるそう。。
マンドリンクラブ,KMC,文化団体連盟,60,35,mailto:keiomandolinclub@yahoo.co.jp,@keio_mandolin,https://note.mu/kmc_orientation,,日吉,合同練習室、大ホール,206 (手前側),参加しなかった。,,,,早稲田大学,火曜、木曜、土曜の夕方,特になし,合奏 パート練習,,,楽器(初心者用貸し楽器あり),新歓,新歓合宿 春期定期演奏会,,,夏合宿,,ALL KMC コンサート (中高三田会との合同演奏会),,冬期定期演奏会,,春合宿,,2週間に1回,控え目,少なめ,普通,真面目,同好会,出回ったのを見たことがある。,,"マンドリンというやや珍しい楽器を中心とした演奏団体です。大学からでも始めやすいところがマンドリンの魅力です！
 クラッシックギターやコントラバス、フルートやクラリネットも募集しております。
 ぜひ気軽に見学にきてください🎵"
慶應義塾大学薬学部ジャグリング&マジックサークルTRICKSTER,トリスタ,不明,15,5,なし,@TRICKSTER_kp,,,芝共立,芝共立キャンパス体育館,,参加しなかった。,,,,,火・水曜日の週二回,特になし,体育館での練習,,,,新歓食事会、ウェルカムパーティー,道具購入会,特になし,特になし,合宿,特になし,芝共薬祭ステージ発表,特になし,特になし,特になし,特になし,特になし,なし～年1回,飲まない,いない,少な目,かなり真面目,遊び,出回ったのを見たことがある。,,"初心者、経験者問わず大歓迎！
 練習では楽しくジャグリングしています！
 ジャグリング以外にも様々な道具があり、好きな道具を先輩から借りるのもアリ！
 優しい先輩方が丁寧に教えてくれるので練習すればそこのあなたもできるようになります！！
 是非一度遊びに来てください！"
芝大門茶道部,,独立団体,17,13,shibasadou2020@gmail.com,@KEIOshiba_sadou,,,芝共立,芝共立キャンパス,芝共立キャンパス1号館5階の和室,参加しなかった。,,,,,毎週火曜日,特になし,和室でのお茶会に向けてのお稽古,,,お稽古に必要な道具,春のお茶会,特になし,特になし,特になし,部活旅行,特になし,秋のお茶会(芝祭),特になし,特になし,特になし,特になし,追いコン,なし～年1回,控え目,いない,多め,真面目,同好会,まあ出回る,,芝大門茶道部は芝共立キャンパスで活動している表千家の茶道部です。薬学部生も他学部生も未経験者も大歓迎！！優しく明るい先生や部員と茶道を通して和の心に触れてみませんか？
経済新人会マーケティング研究部,経新マーケ、マーケ,文化団体連盟,300,2:01,なし,@keio_marke2019,http://www.k-shin.org/sections/marketing/,インスタグラム:@keio.market,日吉,22番教室、23番教室,,参加した,屋台：コーンスープ販売,,,,週2、月・木,特になし,勉強会、ビジコン、納涼船などのイベント,,,,新歓オリエンテーション,新歓旅行、通常部会,通常部会、前期ビジコン、BBQ、慶早戦,通常部会,納涼船、Compass,夏旅行、通常部会,通常部会、OB総会、OB勉強会,通常部会、後期ビジコン、三田祭,通常部会、クリスマスパーティー,通常部会,通常部会、同期旅行,,活動後毎回,普通,多め,多め,普通,セミプロ,まあ出回る,縦の繋がりが強いため。,学ぶ・考える・遊ぶの3つを柱に活動を行なっています！勉強会やビジコンを中心にマーケティングの知識を身につけることが出来たり、夏旅行や納涼船などのイベントにもたくさん参加することができる、勉強と遊びの両立をモットーとしたサークルです！！！
ライト・ミュージック・ソサイェティ,ライト、KLMS,文化団体連盟,52,3:02,mailto:keio.jazz.light@gmail.com,@KeioLight,https://www.keiolight.com/,https://www.youtube.com/user/KLMSvideo,三田,三田キャンパスの音楽練習室,,参加した,"メインステージ、および教室での演奏
 2019年度はボーカリストの佐藤竹善さんと共演しました。",,,,火、土,基本的に全参加,ビッグバンドジャズ,学生ビッグバンドの全国大会、山野ビッグバンドジャズコンテストでは2015〜2017年度で3連覇、2018年で第3位、2019年度では再び第1位受賞。,,楽器(持っていなくても貸し出し楽器に数があります),新歓オリエンテーション,,ジョイントコンサート,ジョイントコンサート,山野ビッグバンドジャズコンテスト,ステラジャムコンテスト(Jr.バンドの大会),,三田祭,OB会,,ジョイントコンサート,リサイタル,半期に1回～月1回,控え目,普通,普通,真面目,セミプロ,まあ出回る,,"慶應義塾大学ライト・ミュージック・ソサイェティは日本で最も歴史の長い、学生ジャズビッグバンドサークルです。2019年度の学生ビッグバンドの全国大会、山野ビッグバンドジャズコンテストにおいては第1位最優秀賞を受賞しました。
 ジャズの変化を追い続け、最先端の音楽をお客様に届けることをポリシーに活動しています。"
放送研究会,慶応放研,文化団体連盟,120,1:01,keiodaigakuhosokenkyukai2020@gmail.com,@keiohoken2020,,インスタグラム: 慶応大学放送研究会 2020,"日吉, 三田",日吉キャンパス塾生会館405号室 日吉キャンパス放課後の空き教室,,参加した,発表会( 自作のドラマ、MV、DJ番組などの発表 ),,,,不定期ですが、年に50回のアナウンス講習と年4回のパート会開催など、一年中活動しています。,特になし,アナウンス講習、自作のドラマ作成、PAなど様々で、自分のやりたいことができます。,,,部室に普段では扱う機会の少ないであろう機材で、自分の作りたいものが作れます。,新歓オリエンテーション 新歓発表会 新歓ディズニー,春の慶早戦PA,DJ大会,サステイニングプログラム (1年生がラジオドラマを作成します。浴衣で花火をするなど、青春っぽい企画があります。),前期発表会,秋のアナウンス合宿、ビデオコンテスト,秋の慶早戦PA,三田祭発表会(サテライトスタジオ) 、三田祭PA,ラストパート会,,春のアナウンス合宿,一年生発表会,活動後毎回,飲まない,多め,多め,普通,プロ,めちゃ強い,OBにアナウンサーや放送作家などメディア業界に多数在籍。メディア業界へのパイプは抜群。,年3回の発表会、年50回のアナウンス講習、年4回の各パート会(ビデオ、ドラマ、MC、DJ、報道)など、一年中活動しています。アナウンサー志望、ビデオ制作に興味のある方はもちろん、大学から何か夢中になれることを見つけたい方大歓迎です。本当にやってみたいことができるサークルなので、興味があればぜひ！
放送研究会,放研,文化団体連盟,63,約１：１,keiodaigakuhosokenkyukai2020@gmail.com,@KBS_shinkan2020,,インスタグラム：kbs_shinkan2020,日吉,日吉キャンパス塾生会館405号室、昼休憩、放課後の空き教室、,,参加した,発表会：自作のドラマ、MV、DJ番組などを発表,,,,不定期、イベント目白押しで1年中活動しています。,特になし,年3回の発表会、年50回のアナウンス講習、年4回の各パート会（ドラマ、ビデオ、DJ、MC、報道）、合宿でのドラマ制作など,年3回の発表会、他様々な外部依頼（三田祭での司会や外部団体のPAなど）,,特になし,新勧コンパ、新勧発表会、新歓ディズニー,春の慶早戦PA,DJ大会（1年生が協力してDJ番組を作成）,サステイニングプログラム (1年生が協力してラジオドラマを作成、浴衣で花火など青春っぽいイベントも）,前期納会、前期発表会、全体合宿,秋のアナウンス合宿、ビデオコンテスト,秋の慶早戦PA,三田祭発表会（サテライトスタジオ）、三田祭PA,後期納会、ラストパート会,,春のアナウンス合宿,1年生発表会,活動後毎回,普通,多め,多め,普通,アマチュア,めちゃ強い,エンタメ業界活躍中のOBOG多数存在。縦のつながりが強いサークルのため。,メディア、マスコミ、エンタメ業界に興味のある人たちが集まって、アナウンス技術の向上や映像制作、音響など幅広い活動を行っています。主な活動内容は、年3回の発表会、年50回のアナウンス講習、年4回のパート会（ビデオ、ドラマ、DJ、MC、報道）など1年中活動しています。アナウンサー志望の方、映像制作に興味のある方はもちろん、興味はないけど大学に入って何か新しいことを始めたいという方、単純にテレビやラジオ、映画が好き！って方にぴったりのサークルです。
国際政経研究会,こくさいせいけいけんきゅうかい,文化団体連盟,15,15:01,keio.international.pol.eco@gmail.com,@kokusaiseikeio,https://kokusaiseikei.weebly.com,,"日吉, 三田",日吉キャンパス内の教室,,参加した,学生論文集『Spur』の頒布,,,,毎週木曜日,特になし,毎週木曜日の定例勉強会（読書会）、学生論文集『Spur』の刊行・頒布、夏合宿、他大学友好団体（早稲田大学政治経済攻究会など）との合同勉強会,なし,なし,特になし（定例勉強会で扱う文献および筆記用具を持参することを推奨する）,新歓勉強会、定例勉強会,新歓巡検、定例勉強会,春学期総会、定例勉強会,なし,夏合宿,定例勉強会,定例勉強会,三田祭、定例勉強会,定例勉強会、秋学期総会,なし,なし,慶和会（OBOG会）、早稲田大学政治経済攻究会との合同勉強会,週1回,飲まない,いない,少な目,真面目,同好会,出回ったのを見たことがある。,,私たち国際政経研究会は、体系的知識の獲得と共有を目指し、定例勉強会（読書会）と三田祭論文の2つを柱に活動しています。読書会では、毎週1冊（大半はいわゆる古典です）、文献の内容を確認し、議論しています。春学期は、国際政治を中心に、政治思想、経済史に関する文献を読んでいく予定です（マックス・ヴェーバー『職業としての政治』、高坂正堯『国際政治』、岡義武『国際政治史』など）。また、三田祭論文では、読書会や自らの学習で得た知識や研究の成果を論文にし、三田祭でまとめて論文集として頒布しています。昨年は、「『ポスト冷戦』を総括する」というテーマで、冷戦が終わって30年経過した現代世界を人文・社会科学的手法を用いて分析しました。その他、巡検、夏合宿、早大との合同勉強会など知見を広げ、親睦を深めるためのイベントも豊富です。コンパもやります。塾生なら誰でも歓迎、遊びに来る感覚で気軽にお越し下さい！
ロボット技術研究会,ロ技研、KRA,文化団体連盟,50,7:01,keiorogiken@gmail.com,@KRA_Rogiken,https://keiorogiken.wordpress.com/,フェイスブック[@keiorogiken],矢上,矢上部室、日吉部室、教室、体育館,,参加しなかった。,,,,,土曜日＋必要に応じて,前期は基本土曜日,ロボコンに向けてのロボット製作、各々の作品製作や研究など,NHK学生ロボコン2019特別賞受賞、全日本飛行ロボットコンテスト決勝進出など,なし,PCはあった方が良い,体験入会、歓迎会,講習会,講習会,新入生向けロボコンに向けたロボット製作,合宿、新入生向けロボコンに向けたロボット製作,新入生向けロボコン出場,各種ロボコン、個人研究,定例会、各種ロボコン、個人研究,忘年会、各種ロボコン、個人研究,各種ロボコン、個人研究,各種ロボコン、個人研究,各種ロボコン、個人研究,半期に1回～月1回,控え目,少なめ,普通,かなり真面目,プロ,まあ出回る,ロボコン経験者は就職先でアピールができる。,当サークルはロボットを作り、各種ロボコン（NHK学生ロボコン、飛行ロボットコンテスト、マイクロマウス、かわさきロボットコンテスト等）に出場しています。他にもロボコンに参加しなくても、個人での電子工作など自由に活動できます。大学で学ぶ制御等の知識をいち早く学び、実践でき、CADも使えるようになります。新入生ロボコンでロボット製作のイロハを学び、ロボットを動かすためのプログラム、電子回路、機体設計の知識、各自好きなものを学び、どんどんスキルアップできます。さらに、３Dプリンターなどの個人では使えない設備を無料で使えます。
慶應義塾大学辯論部藤沢会,慶應弁論部、藤沢会,不明,17,16:01,keio.benron.fujisawakai@gmail.com,@kbb_fujisawa20,,,SFC,部室、空き教室、三田演説館,,参加しなかった。,,,,,毎週水曜日:定例会、不定期週末:大会,特にないが、積極的な参加を求める。,弁論活動（スピーチ、演説）、研究発表（社会科学一般に関する勉強会）,学生弁論大会での優勝、入賞多数,エルゴー会（当部OB会）,特になし,新歓、花見with他大弁論部,新歓合宿,通常活動,通常活動,バーベキューwith他大弁論部、夏休み,通常活動,大会シーズン,大会シーズン、学生弁論大会の主催,大会シーズン,通常活動,スキー合宿,新歓準備,活動後毎回,飲まない,いない,いない,真面目,アマチュア,出回ったのを見たことがある。,活動において養われるスキルが企業から評価されている。また、OBも社会で活躍されており、人脈がある。,当会は慶應義塾大学辯論部のSFCを拠点とする藤沢会です。慶應義塾大学弁論部は福澤先生が設立に携わった、140年以上の歴史を誇る、日本最古の学生団体の一つです。活動内容の主軸は弁論大会への出場や、その原稿作成です。弁論とは、簡単に言えば、演説やスピーチで、扱うテーマは主に社会科学系です。社会に存在する問題を発見し、その解決策まで検討するので、社会科学に対しての知見や論理的思考力、データ収集力が身につきます。また、その研究内容を発表するところまでが弁論なので、プレゼンテーション能力なども身につけることができます。
ファンタジー研究会,ファン研,文化団体連盟,15,10:05,kftken@gmail.com,@kftken,https://sites.google.com/site/kftken/home,,日吉,日吉キャンパス塾生会館302号室,,参加した,三田祭ではメンバーの創作小説を収録した冊子や研究誌を販売しました。,,,,毎週土曜日,特になし,普段の活動では、ボードゲームやカードゲーム、TRPGなどで遊ぶことが多いです。,,,,新歓期での自作冊子の発行、自作冊子の合評会、通常活動,通常活動,通常活動,通常活動,通常活動,三田祭の準備、通常活動,三田祭の準備、通常活動,三田祭の準備、通常活動,通常活動,通常活動,通常活動,通常活動,なし～年1回,控え目,いない,普通,普通,同好会,出回ったのを見たことがある。,,"こんにちは。慶應義塾大学文化団体連盟所属、大学公認サークルのファンタジー研究会です。
 
 私たちファンタジー研究会は、日吉キャンパス塾生会館3階302号室奥にて、毎週土曜日に活動しています。
 普段の活動では、ボードゲームやカードゲーム、TRPGなどで遊ぶことが多いです。
 クトゥルフ、シノビガミ、ドミニオン…など、どこかで聞いたこともあるゲームから、少しマイナーなゲームまで幅広くやっています。
 もちろんこれらのゲームをご存じない方も、興味さえあればルールを一から丁寧に教えますので気おくれする必要はありません！
 土曜日だけでなく、平日の昼休みや空きコマにも、部室でゲーム等をしている部員がいます。
 
 4月の新歓期などの折には、サークルメンバーの製作した小説・イラスト等の作品をまとめた冊子『夢幻』を発行しています。
 『夢幻』発行後は合評会を行い、互いの作品について感想を伝えあっています。
 『夢幻』に掲載する作品は自由度が高い上、寄稿者数が少ない現状では、小説作品には文字数制限がありません。ちょっと長い創作小説を読んでもらいたい！ 自分の作ったイラストや小説について、面と向かって感想をもらいたい！ という方にはぴったりのサークルです。
 
 三田祭では、ひとつのテーマ（武器、建物、宝石、書物、職業etc...)を決めて、それぞれテーマに合致する題材を選び、研究をして研究誌として販売することもあります。
 
 塾生会館302号室の本棚には、先輩やOBの皆様から提供していただいたファンタジー小説やライトノベル、TRPGのルールブック、TRPGのリプレイなどがたくさんあります。部室で読むのはもちろん、部員なら貸出OKです。
 
 ゲームやTRPGのみ、あるいは創作のみなど、どちらか一方のみの活動に参加することもできます。
 見学・入部はいつでも大歓迎です。"
能楽研究会宝生流,宝生会、慶応宝生会,文化団体連盟,11,6,keio.hosho@gmail.com,@keio_hoshokai,http://keiohosyo.web.fc2.com/,,日吉,日吉和室、もしくは日吉周辺公共施設の和室,,参加した,西校舎にて、能の仕舞という簡略版の舞を披露しました。,,,,隔週月曜、火曜,完全自由参加。特に縛りはありません,能の仕舞にて舞を、素謡にて能における歌を学び実演します。,,,やる気,新歓、横浜能楽堂謡曲大会出演,遠足,関東宝生流学生能楽連盟自演会,,合宿(自由参加)、七葉会出演(発表会),,,三田祭自演会,関東宝生流能楽学生連盟自演会出演,,新年会(発表会),追いコン,半期に1回～月1回,控え目,いない,普通,普通,同好会,出回ったのを見たことがある。,,"私達能楽研究会宝生流は月に4回、能楽師の先生の指導の下、能の稽古をするサークルです！
 能とは、日本の古典をもとに歌を歌ったり舞を舞ったりする日本の伝統芸能で、今やユネスコ無形文化遺産にもなっています！能って難しそうだし経験がないとつらそう......と思われるかもしれません。しかし！入部者殆どが大学から始めた人たちばかりで、先生も大変お優しい方です。古文の知識に自信がなくても、自分のペースで楽しみながら能を学ぶ事ができます！ 他サークルとの兼部も大歓迎ですし、試験・アルバイトの優先も大丈夫です！
 少人数のため、上下関係は厳しくなく、のほほんと穏やかに活動しています。他大学との交流や舞の発表会の他に夏休みの合宿など楽しいイベントも盛り沢山です！ 
 少しでも興味を持たれたら、このサークルの公式Twitter、HPも覗いてみてください！
 見学や入部をしたい方は一年中いつでもウェルカムです！ 
 ぜひ私達と一緒に能を舞いましょう"